log_step,episode,actor_loss,critic_loss,entropy,mean_return
0,0,0.311499,12.280144,-2.869089,17.069496
1,10,0.084849,0.713934,-2.869089,-4.921099
